PAPER 2: GHG Assessment Quality Index (GAQI) — Manual Scoring,,,,,,,,,,,,,,,,,,,,,,,,,,,,,,,,,,,,,,,,,,,,,,,,,
,,,,,,,,,,,,,,,,,,,,,,,,,,,,,,,,,,,,,,,,,,,,,,,,,
Report_ID,Project_Title,Technology,Capacity_MW,Donor,Year,GHG_Mentioned (Y/N),Total_Mentions,Dedicated_GHG_Chapter (Y/N),Sub-Chapters/Sections_with_GHG (Y/N),GHG_Quantified (Y/N),Scope1_Status,Scope2_Status,Scope3_Status,Construction_Status,Operation_Status,Decommission_Status,Annual_Emissions_Stated (Y/N),Annual_tCO2eq,Annual_tCO2_Value,Lifetime_Emissions_Stated (Y/N),Gas_Breakdown_Provided (Y/N),Carbon_Intensity,Carbon_Intensity_g/kWh2,Calc_Method,Protocol_Named (Y/N),EF_Provided (Y/N),EF_Source,Activity_Data_Provided (Y/N),National_Policy_Named (Y/N),NDC_Mentioned (Y/N),Quantified_National_Contribution (Y/N),NDC_Quote,Mitigation_Measures,Mitigation_Measures_Count2,D1_Presence (0-10),D2_Scopes (0-20),D3_Methodology (0-20),D4_Lifecycle (0-15),D5_Quantification (0-20),D6_Policy (0-15),GAQI_Total (0-100),GAQI_Class,Coder_Name,Date_Coded,Confidence_Level,Global Policy,Notes_and_Flags,Remarks,EIA Consultant
Not Stated,Construction of Matarbari 600X2 MW Coal Fired Power Plant and Associated Facilities,Coal,"1,200 MW (600X2 MW)",Japan International Cooperation Agency (JICA) Study Team; Japanese ODA Loan,2013,Yes,31,No,Yes,Yes,Quantified,Not Stated,Qualitative,Qualitative,Quantified,Not Stated,No,Not Stated,Not Stated,No,No,Not Stated,Not Stated,Not Stated,Yes,Yes,2006 IPCC Guidelines for National Greenhouse Gas Inventories,Yes,Yes,No,No,Not Stated,Adoption of high-efficiency USC technology; Periodic maintenance of construction machinery and vehicles,2,8,11,16,8,5,6,54,Satisfactory,PRI,26/2/2026,Medium,2006 IPCC Guidelines for National Greenhouse Gas Inventories,"Published June 2013; predates the Paris Agreement. CONFLICT: Page xix (ES) cites a reduction of ~566,000 tons/year, while Page 6-8 (Table 6.1) cites ~555,400 tons/year.",CDM,Tokyo electric Power Services Co. Ltd (TEPSCO)  (Japan International Cooperation Agency Study Team) 
#0017820197,"Environmental Impact Assessment(EIA) for the 200 MW HFO- Fired Power Plant at Gunrajdi, Chandpur, Bangladesh",HFO,200 MW,Not Stated,2018,Yes,48,Yes,Yes,Yes,Quantified,Not Stated,Not Stated,Not Stated,Quantified,Not Stated,Yes,Quantified,872744 tCO2eq/year,No,Yes,Not Stated,Not Stated,Stated,Yes,Yes,IFC recommended Carbon Emission Estimation Tool (CEET model-Version February 2014);Intergovernmental Panel on Climate Change (IPCC) (1995);Second Assessment Report,Yes,Yes,No,No,Not Stated,Continuous monitoring and recording of CO2 emission from the stacks through CEMS;Ensure that all equipment and machinery is maintained in accordance with manufacturer’s specifications; andImproved efficiency of auxiliary drives.,3,10,8,20,5,10,6,59,Satisfactory,PRI,26/2/2026,High,United Nations Framework Convention on Climate Change (1992);Kyoto protocol to the United Nations Framework Convention on Climate Change,Quantification is limited to Scope 1 direct operational emissions; other project phases and scopes are not quantified or discussed in a climate context.,Not Stated ,EQMS Consulting Limited
156283,"217.9 MW Gas-Fired Combined Cycle Power Plant Project, Bhola, Bangladesh",Gas/LNG,217.9 MW,Asian Development Bank (ADB),2012,Yes,47,No,Yes,Yes,Quantified,Not Stated,Not Stated,Qualitative,Quantified,Not Stated,Yes,Quantified,148000 tCO2eq/year,No,No,Not Stated,Not Stated,Stated,Yes,Yes,"IPCC Guidelines for National Greenhouse Gas Inventories, 2006 ",Yes,Yes,No,No,Not Stated,"Measures include adopting CCGT technology, good design/maintenance, T&D loss reduction, and installing continuous emission monitoring",4,8,8,20,8,10,6,60,Good,PRI,26/2/2026,High,Kyoto protocol to the United Nations Framework Convention on Climate Change;United Nations Framework Convention on Climate Change ,Quantification covers only Scope 1 operational emissions; construction-phase GHG impacts are mentioned qualitatively. CONFLICT: Capacity is 217.9 MW in technical sections but 225 MW in Annex Project Title.,Not Stated ,Environmental Resources Management (S) Pte. Ltd.
Not Stated,"240kWp Standalone AC-DC Coupled Solar Photovoltaic Based Mini Grid Power Plant at Char Baghutia, Manikganj",Solar,0.24 MW (Stated as 240 kWp) ,Japan International Cooperation Agency (JICA),2016,Yes,9,No,Yes,No,Not Stated,Not Stated,Not Stated,Qualitative,Qualitative,Qualitative,No,Not Stated,Not Stated,No,No,Not Stated,Not Stated,Not Stated,Yes,No,Not stated,No,Yes,No,No,Not Stated,Not Stated,0,2,0,0,9,0,6,17,Inadequate,PRI,8/3/2026,High,United Nations Framework Convention on Climate Change (UNFCCC); Inter-government Panel on Climate Change (IPCC); CITES (Convention on International Trade in Endangered Species),"The report emphasizes renewable energy as inherently ""clean"" and focuses on the absence of operational emissions rather than quantifying project-specific carbon footprints",Not Stated ,Super Star Renewable Energy Limited; Development Solutions Consultant Limited (DSCL)
44951-01,BAN: Bibiyana I and II Gas Power Project,Gas/LNG,682 MW (341 MW × 2),"Asian Development Bank (ADB), International Finance Corporation (IFC), and Standard Chartered Bank (SCB)",2011,Yes,8,No,Yes,Yes,Not Stated,Not Stated,Not Stated,Not Stated,Quantified,Not Stated,No,Not Stated,Not Stated,No,No,Stated,Approx. 400 g/kWh,Not Stated,Yes,No,Not stated,Yes,Yes,No,No,Not Stated,Not Stated,0,8,0,12,5,5,6,36,Poor,PRI,8/3/2026,Medium,UN Framework Convention on Climate Change (UNFCCC); Clean Development Mechanism (CDM); IFC Performance Standards (2006); World Bank Environment Guidelines (1992); Equator Principles.,"The report was authored in 2011, prior to the Paris Agreement (2015). GHG quantification is comparative between technology types rather than a project-specific total.",CDM,Bangladesh Centre for Advanced Studies (BCAS)
#0017820033,"(ESIA) of a 163 MW (net) Combined Cycle Power Generation Facility at Fenchuganj, Bangladesh",Gas/LNG,163 MW,Not Stated,2018,Yes,38,No,Yes,Yes,Quantified,Not Stated,Not Stated,Not Stated,Quantified,Not Stated,Yes,Quantified,"491,732 tCO2eq/year",No,Yes,Not Stated,Not Stated,Stated,Yes,Yes,IFC recommended Carbon Emission Estimation Tool (CEET model) and IPCC (1995) Second Assessment Report,Yes,Yes,No,Yes,Not Stated,Regular maintenance of equipment; Higher efficiency steam turbine blade design; Improved efficiency of auxiliary drives,3,8,8,20,5,10,15,66,Good,PRI,8/3/2026,High,Kyoto Protocol; UNFCCC; Equator Principles; Montreal Protocol and Basel Convention,"The report flags that GHG emissions will exceed the thresholds of ADB SPS (100,000 tons CO2e/year) and IFC PS3 (25,000 tons CO2e/year), requiring annual reporting",Not Stated ,EQMS Consulting Limited
Not Stated,"635 MW Coal based Thermal Power Plant, Munshiganj District, Bangladesh",Coal,635 MW,US Exim Bank,2018,Yes,12,No,Yes,Yes,Quantified,Not Stated,Not Stated,Not Stated,Quantified,Not Stated,Yes,Quantified,"4,485,000 tCO2eq/year",No,No,Not Stated,Not Stated,Not Stated,No,No,Not stated,Yes,Yes,No,No,Not Stated,Use of ultra-supercritical technology for 10-20% less CO2; High performance monitoring/process control; Good design and maintenance of combustion system; Installation of CO2 monitors; Greenbelt development on 34% of land as a sink,5,8,8,4,5,10,6,41,Satisfactory,PRI,9/3/2026,Medium,UN Framework Convention on Climate Change (UNFCCC); Equator Principles; IFC Performance Standards; MARPOL Guidelines; IMO Conventions,Quantification is limited to CO2; other greenhouse gases like Methane or Nitrous Oxide are mentioned generally but not calculated.,CDM,AECOM India Private Limited; Adroit Environmental Consultants Limited 
Not Stated,UPGRADATION OF KHULNA 150 MW PEAKING POWER PLANT TO 225 MW COMBINED CYCLE POWER PLANT PROJECT,Gas/LNG,225 MW,Asian Development Bank (ADB) and Government of Bangladesh,2013,Yes,6,No,Yes,No,Not Stated,Not Stated,Not Stated,Qualitative,Qualitative,Not Stated,No,Not Stated,Not Stated,No,No,Not Stated,Not Stated,Not Stated,No,No,Not stated,No,Yes,No,No,Not Stated,"The report identifies the use of ""high efficiency"" technology to produce a ""reduced amount of CO2 produced per unit of electricity"" as a mitigation measure",1,2,0,0,6,0,6,14,Inadequate,PRI,9/3/2026,Low,Not Stated,"The assessment focuses primarily on local pollutants (NOx, SOx, SPM); GHG and Global Warming are acknowledged qualitatively in impact tables and descriptive text",Not Stated ,Engineers Associates Limited (EAL)
Not Stated,30 MW (AC) Grid-tied Solar Power Plant Project of Intraco Solar Power Limited (ISPL),Solar,30 MW (AC),World Bank (WB) and Asian Infrastructure Investment Bank (AIIB),2023,Yes,8,No,Yes,No,Not Stated,Not Stated,Not Stated,Qualitative,Qualitative,Qualitative,No,Not Stated,Not Stated,No,No,Not Stated,Not Stated,Not Stated,No,No,Not stated,No,Yes,No,No,Not Stated,"General air pollution mitigation is discussed (e.g., dust suppression, vehicle maintenance)",1,2,0,0,9,0,6,17,Inadequate,PRI,10/3/2026,Low,Kyoto Protocol to the United Nations Framework Convention on Climate Change (UNFCCC); United Nations Framework Convention on Climate Change (UNFCCC); and the Convention on Biological Diversity,"The project is presented as a clean alternative to fossil fuels, which are described as ""mostly responsible for the carbon emissions""",Not Stated ,Development Solutions Consultant Limited (DSCL)
Not Stated,"(ESIA) of Construction of 8MW(AC) (10MW(DC)) Grid Tied Solar Power Plant at Tentulia, Panchagarh",Solar,8MW(AC); (10MW(DC)),Asian Development Bank (ADB) ,2020,Yes,17,No,Yes,No,Not Stated,Not Stated,Not Stated,Qualitative,Qualitative,Qualitative,No,Not Stated,Not Stated,No,No,Not Stated,Not Stated,Not Stated,No,No,Not stated,No,Yes,No,No,Not Stated,Multiple mitigation measures mentioned,13,2,0,0,9,0,6,17,Inadequate,PRI,10/3/2026,Low,"Kyoto Protocol (1997) and the On protection of birds (Paris, 1950)","The report follows a standard ESIA format that prioritizes environmental and social safeguards (land use, noise, water quality) over detailed GHG accounting or climate modeling.",Not Stated , Development Solutions Consultant Ltd. (DSCL)
50253-001 ,(ESIA) of Reliance Meghnaghat 750 MW Combined Cycle Power Plant ,Gas/LNG,750 MW,Asian Development Bank (ADB) ,2017,Yes,31,No,Yes,Yes,Not Stated,Not Stated,Not Stated,Qualitative,Quantified,Not Stated,Yes,Quantified,"1,910,457.45 tCO2/year",No,Yes,Stated,342.1 g/kWh,Not Stated,No,Yes,"Engine Catalogue. ""Performance of CO2 emission as per Engine Catalogue""",Yes,Yes,No,No,Not Stated,General air quality mitigation (low NOx burners) is discussed,1,8,0,8,8,10,6,40,Satisfactory,PRI,10/3/2026,High,Not Stated,"Emissions are reported as ""tCO2"" rather than ""tCO2eq,"" and the calculation is restricted to the operation phase.",Not Stated ,Adroit Environment Consultants Ltd (AECL); M/s Voyants Solutions Pvt. Ltd. (VSPL)
Not Stated,WMSPL-3 MW (AC/11MW DC) Off-Grid Solar PV-Battery-Diesel Hybrid Power Plant Project,Solar,3 MW (AC); 11 MWp (DC),World Bank through the Infrastructure Development Company Limited (IDCOL) under the Rural Electrification and Renewable Energy Development II Project and Additional Financing (REREDP-II AF),2024,Yes,39,No,Yes,Yes,Quantified,Not Stated,Qualitative,Qualitative,Quantified,Qualitative,Yes,Quantified,249.43 tCO2eq/year,Yes,Yes,Not Stated,Not Stated,Not Stated,Yes,Yes,Not stated,Yes,Yes,No,No,Not Stated,"Use of solar to replace fossil fuels; selecting generators with ""in-cylinder emissions control technology""; and using an ""exhaust aftertreatment system (EATS)... that utilizes selective catalytic reduction (SCR) technology""",3,8,11,16,11,20,6,72,Good,PRI,10/3/2026,High,Kyoto Protocol (1997); Mentions the Paris convention on the protection of birds (1950),"The report provides a clear calculation for Scope 1 backup diesel emissions but centers its narrative on ""avoided emissions"" rather than a full lifecycle footprint.",Not Stated ,Development Solutions Consultant Limited (DSCL)
Not Stated,"(EIA) of Mymensingh 360 MW Dual Fuel (Gas/HSD) Combined Cycle Power Plant, Mymensingh, Bangladesh ",Dual Fuel(Gas/HSD),360 MW ,"External Finance 85%"" and is compliant with ""ADB’s Environmental Safeguard Framework and WB group’s operational policies and guidelines",2017,No,0,No,No,No,Not Stated,Not Stated,Not Stated,Qualitative,Qualitative,Not Stated,No,Not Stated,Not Stated,No,No,Not Stated,Not Stated,Not Stated,No,No,Not stated,No,Yes,No,No,Not Stated,Not Stated,0,0,0,0,6,0,6,12,Inadequate,PRI,10/3/2026,Low,Not Stated,"The report incorrectly suggests that ""carbon dioxide"" leads to ""acid rain"" in a comparison with coal technology ",Not Stated ,Adroit Environment Consultant Ltd. (AECL)
Not Stated,Sirajganj 150MW Peaking Power Plant Construction Project at Sirajganj,Gas/LNG,150MW,Asian Development Bank and Government of Bangladesh,2010,Yes,14,No,Yes,Yes,Quantified,Not Stated,Not Stated,Qualitative,Quantified,Not Stated,Yes,Quantified,"250,000 tons/year",No,No,Not Stated,Not Stated,Not Stated,No,No,Not Stated,No,Yes,No,No,Not Stated,The present project uses a power generation system characterized by high efficiency and a reduced amount of CO2 produced per unit of electricity produced,1,8,8,4,8,10,6,44,Satisfactory,TAA,4/3/2026,Medium,ISO 14001;  NFPA 850; Kyoto Protocol/Paris Agreement: Not Stated.,"The report uses an ad-hoc estimate (""magic number"") for CO2 emissions without detailing fuel consumption or intensity; assessment excludes Scope 2/3 and construction phase emissions.",Not Stated ,ENGINEERS ASSOCIATES LIMITED (EAL)
Not Stated,"Saidpur 150 MW ±10% Simple Cycle HSD based Power Plant Project at Saidpur, Nilphamari, Bangladesh",Gas/LNG,150 MW ,Not stated,2019,Yes,18,No,Yes,Yes,Quantified,Not Stated,Not Stated,Qualitative,Quantified,Not Stated,Yes,Quantified,"1,230,000 tons/year",No,Yes,Not Stated,Not Stated,Stated,Yes,Yes,2006 IPCC Guidelines for National Greenhouse Gas Inventories.,No,Yes,No,No,Not Stated,Green belt in and around the Plant will reduce the generated CO2 in addition to other pollutants in a large extent.,1,8,8,12,8,10,6,52,Satisfactory,TAA,4/3/2026,High,2006 IPCC Guidelines; International Finance Corporation (IFC) guidelines; World Bank Environmental Assessment and Social Framework 2017; Equator Principle-III; ILO Declaration (1998),Standard IPCC-based calculation for operational emissions; ignores construction and decommissioning phases; lacks integration with national climate policy targets.,Not Stated ,Center for Environmental and Geographic Information Services (CEGIS)
Project Number: 50161-003,REPORTS ON RUPSHA 800MW COMBINED CYCLE POWER PLANT PROJECT,Gas/LNG,800 MW ,Asian Development Bank (ADB); Islamic Development Bank (IsDB),2019,Yes,61,Yes,Yes,Yes,Quantified,Not Stated,Quantified,Quantified,Quantified,Qualitative,Yes,Quantified,"1,690,000 tons/year",No,No,Yes,348-374 g/kWh,Not Stated,Yes,No,2006 IPCC Guidelines for National GHG Inventories,Yes,Yes,Yes,No,Component 1 is consistent with the mitigation action to reduce GHG emissions ,(1) Combined cycle technology ; (2) Fuel switching offset (displacing 0.17 M tons annually); (3) Green building concept ; (4) Energy efficient lighting ; (5) Rain water harvesting ; (6) Roof top solar panels ; (7) Biogas system ; (8) Green belt development ; (9) Built-in low-NOx burners ; (10) Higher efficiency F-class turbines ,10,10,14,12,13,10,10,69,Good,TAA,4/3/2026,High,Kyoto Protocol; UNFCCC ; Montreal Protocol ; Basel Convention ; CITES . Paris Agreement is implied via reference to the September 2015 INDC ,"The ""net contribution"" to GHG is calculated as 1.52 M tons after accounting for a 0.17 M ton reduction from a fuel-switching offset project. ",CDM,Center for Environmental and Geographic Information Services (CEGIS)
Not Stated,PAYRA 1320 MW THERMAL POWER PLANT PROJECT ,Coal,1320 MW ,BANGLADESH-CHINA POWER COMPANY (PVT.) LIMITED (A JOINT VENTURE COMPANY OF CMC AND NWPGCL) ,2015,Yes,13,No,Yes,No,Qualitative,Not Stated,Qualitative,Qualitative,Qualitative,Not Stated,No,Not Stated,Not Stated,No,No,Not Stated,Not Stated,Not Stated,Yes,No,Not Stated,Yes,Yes,No,No,Not Stated,"Control measures for SOx, NOx, CO2",1,2,7,0,6,0,6,21,Poor,TAA,4/3/2026,Low,Kyoto Protocol ; MARPOL ; IMO Conventions ; ADB Safeguard Policy Statement ; IFC Performance Standards.,"The report identifies CO2 as a ""major resultant pollutant"" and mentions ""CDM Intent"" (Clean Development Mechanism), but fails to provide a single quantitative value for GHG emissions.",CDM,Environmental Quality & Management System (EQMS)
Not Stated,"Environmental Impact Assessment (EIA) of Baraka Patenga Power Limited at South Patenga, Chittagong ",HFO,50 MW,"International development agencies (potential), World Bank (compliance/guidelines).",2013,Yes,9,No,No,No,Qualitative,Not Stated,Not Stated,Not Stated,Qualitative,Not Stated,No,Not Stated,Not Stated,No,No,Not Stated,Not Stated,Not Stated,No,No,Not Stated,Yes,Yes,No,No,Not Stated,The waste heat recovery system is cited as a measure to reduce CO2 emissions per unit of energy). ,1,2,4,0,3,0,6,15,Inadequate,TAA,4/3/2026,Low,Mentions United Nations Conference on the Environment and Development (UNCED); World Bank Operational Policy OP/BP 4.01 ; IFC Performance Standards. ,"The report focuses almost entirely on criteria pollutants (SO2, NOx, PM) and air dispersion modeling for those pollutants. GHG emissions are only mentioned qualitatively in the context of efficiency improvements.",Not Stated ,Adroit Environment Consultants Ltd (AECL)
2051210499,"Environmental and Social Impact Assessment (ESIA) for Waste-To-Energy Power Project at Amin Bazar, Dhaka, Bangladesh",Waste to Energy,42.5 MW ,Asian Infrastructure Investment Bank (AIIB),2014,Yes,13,No,Yes,Yes,Qualitative,Qualitative,Qualitative,Qualitative,Quantified,Not Stated,Yes,Quantified,"361,700 tons/year",No,No,Not Stated,Not Stated,Not Stated,No,No,Not Stated,No,Yes,No,No,Not Stated,Not Stated ,5,8,10,4,8,10,6,46,Satisfactory,TAA,4/3/2026,Medium,United Nations Framework Convention on Climate Change (Applicable); Kyoto protocol to the United Nations Framework Convention on Climate Change (Applicable).,Primary quantification focuses on emission reductions (offsets) relative to a landfill baseline. Gross operational emissions are not explicitly quantified in the main body.,CDM,Environmental Quality & Management System (EQMS)
Not Stated,Environmental and Social Impact Assessment (ESIA) of Energon Renewables (BD) Ltd,Solar,100 MW ,World Bank via Bangladesh Bank IPFF-II ,Not Stated,Yes,30,Yes,Yes,Yes,Quantified,Quantified,Not Stated,Qualitative,Quantified,Qualitative,Yes,Quantified,0 tons,No,No,Not Stated,Not Stated,Not Stated,Yes,Yes,IFC’s Carbon Emissions Estimation Calculator (CEET),Yes,Yes,Yes,No,"As per Nationally Determined Contributions (NDCs) submitted to the United Nations Framework Convention on Climate Change -UNFCCC ahead of COP26 held in November 2021, Bangladesh has set a conditional goal of setting up Renewable Energy installed capacity of more than 4,100 MW by 2030"" ","Table 12-1 lists 14 distinct management actions for the operation phase, including water conservation, waste management, and E-waste handling ",14,10,14,16,11,10,10,71,Good,TAA,4/3/2026,High,UNFCCC and COP26 context are mentioned. International conventions signed by Bangladesh are noted as equivalent to laws.,"The report calculates ""GHG avoidance"" (110,352 tons/yr) rather than gross project emissions, as it defines operational emissions as zero due to the renewable technology. Scope 2 (grid purchase) is mentioned qualitatively but excluded from math",Not Stated ,Bangladesh Centre for Advanced Studies (BCAS)
Not Stated,Khulna 150MW Peaking Power Plant Construction Project at Khulna Power Station (KPS) ,Gas/LNG,150MW,Asian Development Bank and Government of Bangladesh,2010,Yes,7,No,Yes,Yes,Quantified,Not Stated,Qualitative,Qualitative,Quantified,Not Stated,Yes,Quantified,"250,000 tons/year",No,No,Not Stated,Not Stated,Not Stated,No,No,Not Stated,No,Yes,No,No,Not Stated,The present project uses a power generation system characterized by high efficiency and a reduced amount of CO2 produced per unit of electricity produced,1,8,11,4,8,10,6,47,Satisfactory,TAA,4/3/2026,Medium,"Includes Asian Development Bank (ADB) Environmental Policy 2002, World Bank Pollution Prevention and Abatement Handbook 1999, JICA/JBIC Guidelines for Environmental and Social Considerations 2004 .","The 250,000 tons CO2/year figure is provided as a standalone estimate without supporting data or activity level details on page EAL 99",Not Stated ,ENGINEERS ASSOCIATES LIMITED
Not Stated,"Proposed 600MW Combined Cycle Power Plant at Sonargaon, Narayanganj, Bangladesh. ",Gas/LNG,600 MW ,Asian Infrastructure Investment Bank (AIIB); DEG; Standard Chartered Bank (SCB). ,2022,Yes,143,Yes,Yes,Yes,Quantified,Quantified,Not Stated,Quantified,Quantified,Qualitative,Yes,Quantified,"1,727,452.144 tons/year",No,Yes,Yes, 370 g/kWh,Stated,Yes,Yes,"Greenhouse gas inventories, 2018",Yes,Yes,No,No,Not Stated,"Includes Green belt development, water recycling, maintenance, rain harvesting, and CCSS technology exploration. ",8,10,14,20,13,10,6,73,Good,TAA,4/3/2026,Medium,Kyoto protocol ; Paris Agreement ; UNFCCC ; Equator Principles 2020.,"CONFLICT: Table 3.13 estimates annual RLNG emissions at 1,907,153 tCO2e/year, whereas Table 6.2  calculates it as 1,727,452.144 tCO2e/year.",CDM,AECOM India Private Limited
Project Number: 44951, Bibiyana II Gas Power Project ,Gas/LNG,341 MW ,International Finance Corporation (IFC); Asian Development Bank (ADB); Islamic Development Bank (IDB) ,2014,Yes,63,Yes,Yes,Yes,Quantified,Qualitative,Qualitative,Qualitative,Quantified,Qualitative,Yes,Quantified,"1,012,268 tons/year",Yes,Yes,Yes,340-400 g/kWh,Stated,Yes,Yes,IFC recommended Carbon Emissions Estimation Tool (CEET model) ,Yes,Yes,No,No,Not Stated,1. Use of CCGT technology; 2. Annual GHG audits; 3. Climate change adaptation policy; 4. Energy efficiency optimizations. ,4,10,14,20,11,20,6,81,Excellent,TAA,4/3/2026,High,Kyoto Protocol; UNFCCC ,Excellent transparency regarding the calculation of GHG species and activity data. Note conflicting values for plant capacity (341-351 MW). Published before the Paris Agreement (D6 class limited to Kyoto).,CDM,Bangladesh Centre for Advanced Studies (BCAS); ENVIRON UK Limited; Lahmeyer International (India) Pvt. Ltd
345133,"Environmental and Social Impact Assessment of 225 MW Dual Fuel (Gas and HSD based) Combined Cycle Power Plant (Bhola-II): Burhanuddin, Bhola District, Bangladesh",Gas/LNG,225 MW,ADB; AIIB; EPFIs; IFC ,2018,Yes,76,Yes,Yes,Yes,Quantified,Not Stated,Not Stated,Qualitative,Quantified,Not Stated,Yes,Quantified,"739,917 tons/year",No,Yes,Not Stated,Not Stated,Stated,Yes,Yes,IFC CEET model. ,Yes,Yes,No,No,Not Stated,"Measures include continuous monitoring via CEMS, maintaining equipment to specifications, high-efficiency turbine design, and improved auxiliary drive efficiency. ",4,10,8,20,8,10,6,62,Good,TAA,4/3/2026,High,Kyoto Protocol ; UNFCCC . ,No contradictory values found; Scope 2 and 3 emissions are omitted; decommissioning impacts are explicitly excluded from the current assessment scope.,Not Stated ,ERM India Private Limited
17820190,"Barisal 350 MW Coal-fired Power Plant Project at Taltoli, Barguna, Bangladesh",Coal,350 MW,Power China Resources Limited (PCR); Bangladesh Iso Tech Group (ITG),2018,Yes,43,No,Yes,Yes,Quantified,Not Stated,Qualitative,Qualitative,Quantified,Qualitative,Yes,Quantified,"1,845,692.775 tons/year",No,No,Not Stated,Not Stated,Stated,Yes,Yes,IPCC Guidelines; GHG protocol,Yes,Yes,Yes,No,"In its Intended Nationally Determined Contribution (INDC) Bangladesh pledged an unconditional 5% greenhouse gas emissions cut by 2030, adding that with financing and technology support it will cut emissions by 15%.","(Continuous online stack monitoring (CEMS), 220m stack height, Flue Gas Desulphurization (FGD), low NOx burners, Electrostatic Precipitator (ESP), and Greenbelt development).",6,8,11,20,11,10,10,70,Good,TAA,4/3/2026,High,"Kyoto Protocol ; Paris COP-21; Rio Declaration, 1992; Convention on Biological Diversity, 1992; Ramsar Convention, 1971; United Nations Convention on the Law of the Sea, 1982 ; UNESCO World Heritage Convention, 1972.","The report provides a high level of transparency regarding the calculation methodology and emission factors used, specifically identifying the carbon content and oxidation factors for the design coal",CDM,Environmental Quality & Management System (EQMS)
Not Stated,"Environmental Impact Assessment of 660 MW Coal Based Thermal Power Plant Banshkhali, Chittagong (SS Power I Ltd.)",Coal,660 MW,"joint venture between S Alam Group, SEPCOIII Electric Power Construction Corporation and HTG Development Group Co. Ltd. of China.",2015,Yes,48,Yes,Yes,Yes,Quantified,Qualitative,Qualitative,Qualitative,Quantified,Qualitative,Yes,Quantified,"8,450,000 tons/year",No,No,Yes,860 g/kWh,Stated,Yes,Yes,National Pollutant Inventory (NPI) Emission estimation technique manual,Yes,Yes,No,No,Not Stated,Not Stated ,0,10,14,20,11,10,6,71,Good,TAA,4/3/2026,Medium,"Rio Declaration, 1992; Convention on Biological Diversity (1992); Clean Development Mechanism (CDM); IMO Conventions","CONTRADICTION: Page 36 states >100,000 tons of CO2e annually, while page 208 calculates ~8.45 million tons of CO2 annually based on intensity data. Page 284 mentions ""CDM Intent"" but lacks formal carbon footprint protocol application",CDM,Center for Environmental and Geographic Information Services (CEGIS)
Not Stated,"EIA of 2x660 MW Coal Based Thermal Power Plant to be Constructed at Kalapara, Patuakhali. ",Coal,1320  MW ,Not stated,2017,Yes,32,Yes,Yes,Yes,Quantified,Not Stated,Qualitative,Qualitative,Quantified,Qualitative,Yes,Quantified,"11,900,000 tons/year",No,Yes,Yes,1029 g/kWh,Stated,Yes,Yes,IPCC 2006 ,Yes,Yes,No,No,Not Stated,(1). Ultra-supercritical boiler technology ; (2). Green Buildings concept ; (3). solar water heaters; (4). afforestation/greenbelt.,4,10,11,20,11,10,6,68,Good,TAA,4/3/2026,Medium,Rio Declaration ; Convention on Biological Diversity ,"CONTRADICTION: Carbon intensity is listed as 1,029 kg/MWh in the Material Balance  but 743 g/kWh in the Technology Alternatives analysis.",CDM,"Consortium of Lahmeyer International (India) Private Limited (LII), Power-Energy Management & Engineering Company (PEMEC), and Center for Environmental and Geographic Information Services (CEGIS)"
AECL/EIA/DESH Energy/ 2022,15 MW HFO Fired Power Plant of Desh Energy Hatiya Power Company Ltd,HFO,15 MW,Desh Energy Hatiya Power Company Ltd.,2022,Yes,10,Yes,Yes,No,Qualitative,Not Stated,Not Stated,Not Stated,Qualitative,Not Stated,No,Not Stated,Not Stated,No,No,Not Stated,Not Stated,Not Stated,No,No,Not Stated,Yes,Yes,No,No,Not Stated,Not Stated,0,2,4,0,3,0,6,15,Inadequate,EAA,2/3/2026,Low,Not Stated,"Section 4.11 ""Climate Change and Natural Disaster"" addresses the physical risks to the project site (floods, cyclones) rather than the project's impact on climate change. No quantitative GHG data is present.",Not Stated ,Adroit Environment Consultants Ltd (AECL)
Project No. 50161-003,Bangladesh: Rupsha 800 MW Combined Cycle Power Plant Project,Gas/LNG,800 MW,"Asian Development Bank (ADB), Islamic Development Bank (IsDB)",2019,Yes,84,Yes,Yes,Yes,Quantified,Qualitative,Qualitative,Quantified,Quantified,Not Stated,Yes,Quantified," 1,690,000 tons/year",No,No,Stated,348-374 g CO2/kWh,Stated,Yes,No,2006 IPCC Guidelines for National GHG Inventories,Yes,Yes,Yes,No,Construction of combined cycle power plants is one of the existing mitigation actions of GoB to reduce greenhouse (GHG) emissions in meeting with their commitment to the Intended Nationally Determined Contributions ,"The use of combined cycle technology will further reduce GHG emissions as the heat coming from the flue gas from the GT is used again in the HRSG to generate power through the steam turbine. This type of power generation increases thermal efficiency, production costeffective, and reduces GHG emissions. Component 1 demonstrates a case of voluntary GHG emission reduction that may qualify for the Clean Development Mechanism (CDM). ",2,10,14,12,10,10,10,66,Good,EAA,6/3/2026,Medium,Kyoto Protocol; UNFCCC; CITES; Basel Convention.,"Contradictory values present. The report provides varying figures: 1.67 M t/y (Gas), 1.86 M t/y (HSD), and 1.69 M t/y (Mixed), plus a ""net"" figure of 1.52 M t/y",CDM,Center for Environmental and Geographic Information Services (CEGIS)
AECL/EIA/RPCL/2018,Environment Impact Assessment (EIA) of Mymensingh 360 MW Dual Fuel (Gas/HSD) Combined Cycle Power Plant,Gas/HSD,360 MW,RPCL,2017,Yes,8,No,Yes,No,Qualitative,Not Stated,Not Stated,Not Stated,Qualitative,Not Stated,No,Not Stated,Not Stated,No,No,Not Stated,Not Stated,Not Stated,No,No,Not Stated,Yes,Yes,No,No,Not Stated,"Mitigation measures for air pollutants (which include CO2 qualitatively) are discussed on pages 121, 148, and 149.",1,2,4,0,3,0,6,15,Inadequate,EAA,6/3/2026,Low,World Bank EHS Guideline 2007 and IFC/WB standards. No mention of the Kyoto Protocol or Paris Agreement.,"This EIA focuses primarily on criteria air pollutants (NOx, SO2, PM). Greenhouse gases are mentioned only qualitatively or as chemical components of fuel.",Not Stated ,Adroit Environment Consultants Ltd (AECL)
Project Ref. No. 2051220589,"ENVIRONMENTAL IMPACT ASSESSMENT (EIA) FOR 635 MW COAL BASED THERMAL POWER PLANT AT MATARBARI, MAHESHKHALI, COX’S BAZAR",Coal,635 MW,JICA,2023,Yes,58,Yes,Yes,Yes,Quantified,Qualitative,Qualitative,Qualitative,Quantified,Not Stated,Yes,Quantified,"2,693,388 tCO2e/year",No,No,Not Stated,Not Stated,Not Stated,Yes,No,"Intergovernmental Panel on Climate Change (IPCC) (1995), Second Assessment Report",Yes,Yes,Yes,Yes,"As per the updated report (26 August 2021) of National Determined Contributions (NDCs) 2021 submitted by Bangladesh to the United Nations Framework Convention on Climate Change (UNFCCC)34, electricity generation sector contribution to GHG emission in year 2012 was 2.098 x 107 tons CO2e and projection of aggregate GHG emissions as business as usual scenario that the annual GHG emissions from this sector in year 2030 will be 9.514 x 10^7 tons CO2e.",,10,10,14,12,8,10,15,69,Good,EAA,6/3/2026,High,Kyoto Protocol; United Nations Framework Convention on Climate Change (UNFCCC); Equator Principles. (Paris Agreement is Not Stated).,"The report provides a very detailed comparison to the national NDC sectoral budget, which is rare for such reports. However, it relies on ""magic numbers"" from the IFC CEET software tool rather than transparently listing the specific emission factors used for sub-bituminous coal.",CDM,Environmental Quality & Management System (EQMS)
0276008,"Environmental and Social Impact Assessment of 400 MW ± 10% Combined Cycle Power Plant (Sirajganj-4): Sirajganj, Bangladesh ",Gas/LNG,400 MW,International Finance Corporation (IFC); CDC Group plc (CDC); Clifford Capital (CC) ,2016,Yes,43,No,Yes,Yes,Quantified,Not Stated,Not Stated,Qualitative,Quantified,Not Stated,Yes,Quantified,"1,404,790 tCO2e/year",No,Yes,Not Stated,Not Stated,Not Stated,Yes,Yes,"Carbon Emission Estimation Tool (CEET); Intergovernmental Panel on Climate Change (IPCC) (1995), Second Assessment Report ",Yes,Yes,No,Yes,Not Stated,"Continuous monitoring of CO2, equipment maintenance, efficiency-focused turbine design, and improved auxiliary drive efficiency",4,8,8,16,8,10,15,65,Good,EAA,6/3/2026,High,Kyoto protocol to the United Nations Framework Convention on Climate Change; United Nations Framework Convention on Climate Change; Vienna Convention for the Protection of the Ozone Layer; Montreal Protocol; Basel Convention,"CONFLICT: Capacity is reported as 400 MW ± 10%, 413.8 MW, and 413.792 MW. Methodology is transparent for verification. Used IFC CEET software as tools.",Not Stated ,ERM
Not Stated.,"EIA of 2x660 MW Coal Based Thermal Power Plant to be Constructed at Kalapara, Patuakhali",Coal,1320 MW,RPCL and China North Industries (Norinco),2017,Yes,21,Yes,Yes,Yes,Quantified,Not Stated,Qualitative,Qualitative,Quantified,Qualitative,Yes,Quantified,"11,900,000 tons/year",No,Yes,Stated,"1,029 g/kWh",Stated,Yes,Yes,"IPCC, 2006; ALT: Default Emission factors for Stationary Combustion in the Energy Industries AP-42",Yes,Yes,No,No,Not Stated,"energy efficient process and building structures"", ""Greenbelt Development"", and selection of ""Ultra-supercritical"" technology for reduced emissions",3,10,11,20,11,10,6,68,Good,EAA,6/3/2026,Medium,Rio Declaration; Convention on Biological Diversity (1992) ; CDM Intent (Clean Development Mechanism) mentioned,"CONFLICT: Multiple carbon intensity values provided. Typographical error: ""global worming potential"". Mentions ""Vision 2041"" as a capacity target rather than a climate policy",CDM,Center for Environmental and Geographic Information Services (CEGIS)
Not Stated,Environmental and Social Impact Assessment (ESIA) Study Report Under Feasibility Study for Development of Utility Scale Solar PV & Wind Projects in Bangladesh,Solar & Wind,100 MW Solar 100 MW Wind,World Bank,2018,Yes,36,No,Yes,Yes,Qualitative,Not Stated,Quantified,Qualitative,Quantified,Qualitative,Yes,Quantified,"4601362 tCO2e/year"" (as a reduction)",No,No,Stated,"""8.2gCeq/kWh"" for Solar; ""2.5gCeq/kWh"" for Wind ",Not Stated,Yes,No,"International Atomic Energy Agency (IAEA)"" (Source for the intensity values in Table 6-1)",No,Yes,No,No,Not Stated,Mitigation measures for air and environment are dispersed throughout pages 243–293. ,2,8,10,12,11,10,6,57,Satisfactory,EAA,7/3/2026,Medium,Kyoto protocol to the United Nations Framework Convention on Climate Change; OP 4.03- Performance Standards for Private Sector Activities,"CONFLICT: Project capacity varies significantly across report sections. The annual GHG reduction figure of 4,601,362 tCO2e/year requires human review for potential typographical error as it implies an improbable displacement factor for a ~180MW project.",Not Stated ,"EQMS, Windforce, SunTrace"
Not Stated,"Technaf Solartech Energy Limited, Teknaf, Cox’s Bazar",Solar,20 MW,Investment Promotion and Financing Facility (IPFF-II) of Bangladesh Bank; ONE Bank Limited,2020,Yes,24,Yes,Yes,Yes,Zero,Qualitative,Qualitative,Qualitative,Quantified,Qualitative,Yes,Quantified,"24,678 tons of CO2 (avoided)",No,No,Stated,563.5166 g/kWh,Not Stated,Yes,Yes,IFC’s Carbon Emissions Estimation Calculator (CEET),Yes,Yes,No,No,Not Stated,Table 10.1,0,10,6,16,11,10,6,59,Satisfactory,EAA,6/3/2026,High,Kyoto protocol,"CONFLICT: The report states ""about 25,000 tons of GHG per year"" on p.xxx and ""24,678 tons of CO2 per year""",Not Stated ,Bangladesh Centre for Advanced Studies (BCAS)
Not Stated,Final Report on Environmental Impact Assessment of 2x (500-660) MW Coal Based Thermal Power Plant to be Constructed at the Location of Khulna.,Coal,1320 MW,"Bangladesh Power Development Board (BPDB); NTPC Ltd., India",2013,Yes,29,No,Yes,Yes,Quantified,Qualitative,Qualitative,Qualitative,Quantified,Not Stated,Yes,Quantified,"around 7,900,000 tons CO₂/year",No,No,Stated,860 g/kWh,Not Stated,Yes,Yes,Not stated,Yes,Yes,No,No,Not Stated,Supercritical boiler and forest sequestration,2,8,14,16,8,10,6,62,Good,EAA,7/3/2026,Medium,Rio Declaration; Convention on Biological Diversity; UNCLOS; Ramsar; Kyoto Protocol [Not Stated]; Paris Agreement [Not Stated].,Contradiction noted in report year (2012 vs 2013) and capacity (2x500-660 vs 1320MW) on cover.,Not Stated ,Center for Environmental and Geographic Information Services (CEGIS)
Contract Agreement (No: 52/PD/Pyra 1320 MW/NWPGCL/ 2014),PAYRA 1320 MW THERMAL POWER PLANT PROJECT (p. i),Coal,1320 MW,BANGLADESH-CHINA POWER COMPANY (PVT.) LIMITED (A JOINT VENTURE COMPANY OF CMC AND NWPGCL) ,2015,Yes,12,Yes,Yes,No,Qualitative,Not Stated,Qualitative,Qualitative,Qualitative,Not Stated,No,Not Stated,Not Stated,No,No,Not Stated,Not Stated,Not Stated,Yes,No,Not stated,No,Yes,No,No,Not Stated,"adopting ""supercritical or ultra-supercritical technologies"".",2,2,7,0,6,0,6,21,Poor,EAA,7/3/2026,Low,"Kyoto Protocol, IMO Convention 1948, Rio Declaration, Convention on Biological Diversity (1992).",The report is entirely qualitative regarding greenhouse gases; it identifies them as an environmental impact but performs no calculation or quantification.,CDM,Environmental Quality & Management System (EQMS)
Not Stated,UPGRADATION OF SIRAJGANJ 150 MW PEAKING POWER PLANT TO 225 MW COMBINED CYCLE POWER PLANT PROJECT,Gas/LNG,225 MW,GOB and NWPGCL (finance),2013,Yes,9,No,Yes,Yes,Quantified,Not Stated,Not Stated,Qualitative,Quantified,Not Stated,Yes,Quantified,"241,776 tons/year (stated as tons of CO2).",No,No,Not Stated,Not Stated,Not Stated,No,No,Not stated,No,Yes,No,No,Not Stated,"The report identifies the use of a ""power generation system characterized by high efficiency"" as the primary measure to reduce CO2 per unit",1,8,8,4,8,10,6,44,Satisfactory,EAA,7/3/2026,Medium,Rio Declaration; Convention on Biological Diversity; CITES (Convention on International Trade in Endangered Species of Wild Fauna and Flora); Agenda 21; Kyoto Protocol (Not Stated); Paris Agreement (Not Stated).,"The report provides a comparative reduction figure: ""about 120,888 Tons/year. CO2 emissions will be reduced"" relative to a simple-cycle plant assumption.",Not Stated ,ENGINEERS ASSOCIATES LIMITED (EAL)
,,,,,,,,,,,,,,,,,,,,,,,,,,,,,,,,,,,,,,,,,,,,,,,,,
,,,,,,,,,,,,,,,,,,,,,,,,,,,,,,,,,,,,,,,,,,,,,,,,,
,,,,,,,,,,,,,,,,,,,,,,,,,,,,,,,,,,,,,,,,,,,,,,,,,
,,,,,,,,,,,,,,,,,,,,,,,,,,,,,,,,,,,,,,,,,,,,,,,,,
